Actual,Predicted
425,415.5639805256812
88,111.19654647170665
4,-7.354101229994686
526,582.6909729769949
13,-1.0659931672393586
32,26.16272189459192
706,608.7894849538276
26,27.343239092580855
2,12.212990996301468
21,19.262679010355836
34,26.79638747626569
89,121.87822308998585
542,630.7251666308459
9,3.886868411963459
325,268.978745734913
336,291.06654820272445
188,205.14522404143398
479,400.0713698227657
16,49.55796549896644
852,658.6729348244371
8,-4.0509745952805964
161,189.76467407608868
37,56.332122065583945
84,109.35365837371444
124,138.39909088980988
144,232.15411412826944
23,34.222761577892754
188,229.13424034608866
6,-13.906290132256604
82,106.36495798828747
3,15.974092666152782
29,30.191996385529645
374,395.4997220540424
76,5.610073291220058
76,31.719749832595934
868,633.6200551039117
8,-25.452265574899062
122,277.02114165351753
109,223.21945420167248
315,372.01354761211456
614,558.6395101217763
142,129.55712552283484
201,217.7805445325568
3,-16.8819526931149
649,613.7939566332268
243,291.54163974200947
158,146.39039152058598
195,140.09999911167665
30,2.387340770127761
118,88.01629767889159
310,339.0216065842616
529,463.8212175347994
598,630.8765380939874
181,229.77914486884998
257,297.20728882580937
162,59.62335772408528
86,323.87145422785204
75,138.6855040415229
137,101.32094851038437
236,308.54323638917157
79,137.80485933740698
156,85.44528737563411
198,199.15131067141007
175,252.5195058975277
438,414.2505890830238
217,236.64058081462525
27,28.611125293156928
105,82.32114659074131
186,153.39016901471345
356,224.59876325440564
177,222.69384531672603
119,171.78803691207005
49,104.47518694418949
224,203.85003927382735
162,121.3884678363498
320,318.5471613321371
122,114.51339059642083
153,208.15131510085627
271,314.9805091403003
110,117.85256517603017
374,571.7509029706835
20,52.04528764523539
22,19.37846606990416
109,100.10530460317096
259,278.3829877000286
472,394.0718699297938
176,100.47751974765538
105,25.649665242263833
412,383.7575565268868
440,426.6348178980701
169,176.10286880859252
4,49.44472686560721
104,77.95899551965732
290,299.68105545941035
84,57.3344932642554
76,133.02065714471152
177,158.65403383220843
186,182.00011408456152
4,6.36210125567251
143,172.72196205763694
57,33.45129728436248
180,180.71926463650962
615,654.2682189706566
73,-75.99903438401645
321,289.25420891261916
15,-19.90335436595547
267,251.23611834902437
68,52.163190588036244
390,517.3176898458833
62,20.045035286748142
145,157.6114626047809
40,44.55561398326233
42,23.686316172951646
9,4.188937908538204
9,16.82087086486882
50,56.32209890217729
29,81.94937125547554
392,359.62788618861885
137,138.96925070690253
507,436.4039296928864
67,70.02606440569633
153,359.40485928773114
126,79.88535805162479
65,24.76550285444301
307,379.62092296234914
11,7.448704117562837
286,310.92781161105586
865,634.6312462820358
224,285.51223422798824
174,207.98480086782644
51,23.229825115812954
106,109.17308045285307
172,143.18758571139406
397,338.839963772904
559,501.86493302369416
124,132.58798012381126
3,5.959195054282244
8,-0.1710475124349986
49,-40.142745412042245
77,23.58766264930159
9,0.6652285188100078
432,360.2668192215776
57,116.99310852094277
302,334.9892764911002
153,137.61785612110032
80,37.57103137380227
306,244.5126820750064
13,-24.66507390508656
182,125.50593701823726
66,19.76713613027101
172,202.3888432255377
333,304.96298170742347
102,128.9852968903719
75,39.5112395315071
3,-71.57408055176455
393,450.25710765503567
392,503.597108599579
635,602.012180296588
238,235.9629868626791
303,420.86632885974717
122,81.3894758044392
294,313.55381449006524
408,349.6778165808499
26,39.45118133976513
148,163.91103711667452
145,142.7591034054342
16,18.2917651063488
260,369.1338543861662
131,90.34843953114506
83,76.36993235133195
89,130.93053218093604
22,15.825099225914354
468,432.23678798698376
460,472.8046691523653
477,369.988305136649
17,-9.272082739573253
250,239.87710381159627
237,284.77416651089476
239,275.9428137127061
169,184.98377601972135
416,397.47929278336323
449,401.742724829778
105,107.33073984068264
187,115.73534171726374
55,71.87724434536193
72,34.280162156003485
14,42.88919170503979
51,30.130158440772046
15,8.3189975370729
2,6.653151220176877
26,98.48217459594036
187,206.80430792553315
315,354.279675024923
3,2.9188134774850565
308,419.59601079930866
199,224.88087288176763
144,202.01755650950616
2,-20.99593773315718
32,-10.20661191148162
282,250.35467399451545
98,286.15635258972145
450,459.19073555510266
361,323.11005454255553
532,544.4673691489008
100,70.36039527318582
256,277.41395863049337
4,-29.779410313050622
156,126.0090475160035
171,153.813888646281
328,420.63661399795836
388,430.78551289629024
189,239.7479901604884
45,32.18634240300349
109,163.29506771296627
52,47.960952049229775
8,6.748815102136231
411,404.6017947678702
757,598.528070661966
105,73.63758640643789
86,59.75439515945487
393,397.30689424003674
16,-15.44802601473754
11,-0.7764360513312769
4,17.610627409797242
270,296.0616844564251
175,147.61422679655948
2,-17.35144512970516
197,228.31239060820587
41,5.944760461551763
36,208.00160865975377
13,13.029494532650741
120,60.59771185346833
103,74.7888372047654
22,14.639324556987557
154,110.72156311386325
18,28.763211149986486
3,8.578168230249727
39,70.0288368772718
142,172.62879788857387
99,103.90939842500245
118,125.54497554975231
8,-13.70462094820272
159,132.95639073039342
31,-4.653708831914802
6,19.745767462850434
10,-17.217508610570523
222,207.04598378632497
164,136.29364910592017
7,-6.66706010978584
29,4.501453663381934
132,113.50674832204524
366,459.04189131059155
8,-46.386002495051514
33,14.456884821533603
99,73.75248502791453
90,107.77157736026703
36,39.66768860549308
20,4.064324635344118
61,67.87377891088198
242,276.96196205579025
184,150.36048758311836
418,435.52663747867166
313,301.029806902643
271,391.5203447989838
35,-1.6779234909559508
362,407.9356885419924
53,26.794940894997918
125,122.5766583280641
229,333.49939524676955
107,77.69010401718543
182,128.18970555052474
71,30.394248191931037
131,114.21538136536077
61,207.72476790602272
253,246.8753198408118
21,4.109984799305092
20,41.931280907528105
254,254.54824855462238
27,42.75459450821592
3,-12.924224576231556
178,222.46367735314715
142,116.7478366411778
83,56.918878258944346
380,445.5025633594778
572,462.42106329689994
144,138.37611515679794
270,305.78908515859627
520,389.31995261891325
549,483.67234198588113
70,10.12573868953336
97,4.142770310549903
227,222.69167101335591
123,141.86607783928758
314,291.50089752413993
90,86.63523936866727
28,37.239625839019084
156,214.11798852525104
106,123.09244499482725
158,174.30616776616108
275,294.29754273360055
5,-16.543909499438715
222,225.0974227860562
240,258.5562838225789
1,3.3971396711586377
39,54.7946904540334
5,1.7525508016051927
148,136.2639258280364
26,111.33631509560746
38,55.47097177393201
165,189.17368743492887
2,24.676097968487337
446,514.3070580082317
2,-4.569232083012299
39,38.118837763595764
88,124.06987365345537
87,78.02126964986718
537,338.84502128421656
149,123.27784073002454
5,6.695290677156489
55,55.88302876360214
91,102.74297937882403
146,168.61267708155134
54,69.64035963895054
151,108.6622264828394
176,165.44631448875873
2,-68.99510902295384
282,246.6686914308974
48,-7.6481178956186575
218,274.5788632417444
145,170.50832307072443
148,120.06343918628721
99,138.51585068366836
1,10.13392288517053
177,162.6985140329181
3,-19.489327834497946
112,65.61817178682315
46,85.96038453598334
21,15.89169315858572
44,34.694276354944634
233,285.5040762534374
3,-46.201593292824384
151,178.11607733032702
77,105.05806194749363
594,624.6670133117216
10,-28.365036303065555
152,129.1255105100383
11,23.79922978313203
33,23.106756862511755
349,344.5109264628574
583,521.5287036805021
65,-2.759289670611
448,505.8700617231804
9,-4.000590380762279
558,491.8965342441748
11,33.04601166001254
365,499.6753862889771
327,377.46544263646626
285,299.5927949053814
528,402.34304288107404
307,389.17746520276825
45,45.67731582265793
431,386.8376892135346
370,388.12069744806297
461,365.4363323765624
152,151.20876699429488
131,104.42381290331753
380,335.13204075733404
591,564.5319360498904
164,219.7446907351303
346,355.0670954124171
186,190.45325894528742
209,204.35928932233833
59,27.852040118235774
245,391.7952949879899
375,375.0101758983482
200,173.2524376559128
23,-4.152352325323367
203,190.64043504313037
363,359.2038532690449
124,111.65842668701578
5,-7.483234662120086
275,198.2211885596635
24,1.275811101557164
749,568.8358971438972
20,-4.256873601859585
361,320.202775548881
421,368.9979798849553
666,536.5079379071656
201,268.2629193293623
18,33.496951186114586
207,166.98114937083844
18,7.378510466928045
30,-57.498915415898296
35,11.058069406572738
206,159.51895710931066
386,383.3611941840001
54,11.391453396756443
159,166.53397611873766
98,162.63668720482275
345,361.1533311329269
591,477.96056646756745
306,279.63237014081705
115,152.0866946446689
68,54.65355373072876
17,28.540477615299547
66,37.55156910198343
31,-5.702132751520427
119,125.46208480637762
198,151.11692715774802
7,16.296929887414816
607,524.0355886608058
387,288.9995893860488
166,212.18631179799837
236,251.97934136145898
108,137.47408878192465
281,321.72861097080937
70,-5.537930917924772
25,-11.826127116228978
23,41.77091281050713
216,180.82662591749698
17,10.929409900378854
152,142.35119092193924
167,136.8406305095337
306,283.40216660596735
795,669.7401755837082
373,334.1758622200544
368,274.45529099636485
297,283.1378029855093
530,419.89316482954695
22,24.05195316701082
174,153.40459259028995
27,16.056087276352454
236,243.4995025794214
454,442.4883124047763
354,353.5635759503402
254,255.79119945415601
151,216.87026590859656
338,377.5117280991066
120,157.2419069504432
276,280.4775124076297
398,375.38919516734114
4,21.717585302534697
24,30.761096711054957
159,157.8711021375091
42,46.4337078260987
106,67.0125617422986
261,310.33864337975166
177,352.942298410711
511,459.18836646922904
250,209.74990553795683
118,97.92065597489278
8,-35.956635200962694
360,352.90418302239027
601,490.88640798542224
5,-16.036264751225136
37,35.45938097153345
5,-15.442348549937552
214,189.80954168494492
36,26.400327515977377
152,130.4628913941238
59,74.93200962298323
108,129.1793498299749
348,305.00141578499114
233,194.89647787122297
296,328.4155902680293
221,233.69512456511717
345,375.1940050496058
225,215.16396173117752
8,-1.7711666652452922
52,42.16103519047661
108,98.20752995729507
106,110.97081962795937
78,51.98802434781132
13,-24.36685264720808
9,1.8072271177862231
62,11.51902767149306
857,705.1303709581298
14,24.597318760723564
33,63.622288982936254
451,444.90290615555807
30,72.81748353010659
410,322.5160832704596
36,6.592723855265657
13,-10.972298296971022
310,304.29146856863366
270,327.8469558500537
27,-40.304350778572086
8,14.386977095136725
245,240.7742011015647
140,166.40632654129186
239,375.3335849295557
459,381.7241039113366
15,-10.058762715783192
210,215.1734562620991
42,68.25942379947486
112,131.9883538006781
7,18.536436011948634
1,-8.549940373142991
180,232.02812891666855
310,350.96472584858196
188,181.81170731875454
5,-4.016932248582808
226,146.30420544542784
128,137.677304560543
634,563.5140675441635
207,157.92990440499432
365,323.62727599265503
90,81.49611757297004
91,114.96103164876814
127,173.1664313575153
575,519.9779051130574
584,481.52513208164163
118,116.0020364368172
123,183.53437917754206
317,307.6299003684806
212,189.9870711889085
178,238.86367790400266
153,112.94086394984384
464,370.13190981538526
146,57.210686654330914
230,295.7857596518332
113,99.65579187583677
34,17.399156032128698
662,573.3201847699232
64,41.6385473405922
67,42.07866437026874
710,528.564601257906
105,93.27426834339326
358,289.6117734968325
271,477.43777263891405
26,48.50002310817703
14,8.983497275416592
287,315.28265190818075
122,196.00999620900728
13,-5.076547249862589
228,200.43267271542723
330,329.4924563359482
37,5.854850186973916
348,304.74315457406607
5,10.312292816480575
154,160.84328007665016
7,5.807581488953073
125,118.33085760514223
732,646.2440730618252
71,69.4448266399151
263,170.9770079506717
524,428.69660168672175
123,56.74655338241337
292,166.34981076524906
6,-14.428640019117754
6,-34.65558293853542
374,335.28727529557466
48,61.732753200745776
120,74.19962796048605
5,4.152376000410239
76,36.88003218318221
122,123.0010074087894
64,33.62936505224826
71,90.2462975656434
30,90.82227169456002
239,298.9594554612852
99,86.2075542619877
31,83.31889300171918
316,313.2482566625558
7,-11.27744329623187
419,447.6361162452877
528,473.8309383119424
140,137.73220559696216
6,18.889650524211955
442,449.2880996067149
285,328.83977917820204
5,-25.618870896048694
135,91.88080420741778
1,-16.69158075801744
55,56.437547154103925
16,45.60453462885636
156,165.52832032840462
729,595.841606237758
189,180.33623163871914
334,343.77591550620417
5,-9.308016385913962
232,260.3766417386454
16,21.785810933619185
192,191.15326327683968
295,320.9937222808664
10,0.8166601034768601
45,41.55006068483394
55,107.58611945554969
33,22.584420460585132
129,126.29383373672562
230,318.48487204013185
230,189.15804886783445
18,-31.93861059675027
289,343.8538264094975
1,-32.30878912784243
192,236.30339237676284
522,472.0508811980552
144,104.14026325826944
452,417.7092525915669
81,72.3132455143068
349,294.2129293273037
95,141.56181080454326
26,72.03895404663461
37,85.46996742988165
37,-30.26827715451532
274,246.43835023724398
10,4.326391220367267
172,177.38021878504858
31,139.24250405924587
77,39.85732888979308
466,448.3909524690184
123,124.11360518553118
4,-60.784605838917685
3,26.860366020829414
6,-21.750616358413314
108,162.14164091699632
199,159.22257182929437
74,127.8840061037028
120,173.39416698601752
230,241.0703797628742
335,311.7293339962165
5,10.939942912403293
152,172.61783465704872
96,128.58361358825795
557,503.5875274698568
106,104.6069266328006
125,132.48947690198258
273,249.28261154846751
72,58.320149470123965
237,176.61638588397096
327,275.3476076806698
706,620.9787369622061
154,172.9074827761809
326,292.7694054166931
489,460.22670317809747
212,240.07568285104895
534,541.7954050492658
141,348.2908153341606
54,17.904144207206226
177,150.13330985118105
236,229.27280398530888
23,12.940878218380757
334,451.79496867845273
12,14.034468545424087
487,503.4971138221894
285,332.29227925617255
296,299.2882233253093
318,280.2434696037675
54,120.12989012588281
288,234.89465277496942
416,448.929308186705
139,138.78612625964632
8,-3.9259112627568444
24,90.26722952016033
46,18.0101970712908
205,181.37767346759486
216,217.7762524918905
481,392.8952084169652
14,14.472119976371285
343,305.4235455509629
171,136.6630015381018
184,237.4375064991377
217,277.9256407844222
298,255.3921873710729
282,246.8774270028254
218,195.81514779660174
302,344.514311702276
138,94.40197754543169
8,-4.097337569673929
298,305.2480250577235
182,200.5661370021428
291,296.7381875875271
76,162.42513616367955
315,355.3068243812568
58,3.013615090955622
428,425.95990911048403
267,285.8498723090707
354,342.5689355836546
291,387.914997279077
168,160.90823760531202
304,278.58589048359966
224,207.29193085752163
142,257.47300360577424
49,25.129335854749865
593,622.7897359543047
448,483.85365632912766
246,238.80743795285812
170,151.270789785521
222,227.97105337701885
26,-1.154227568427078
286,321.30393287521173
834,618.8346910758448
271,291.9208904263682
7,14.392815734334985
113,136.77193707337761
519,442.09003723816585
218,265.41105812610175
5,7.917679181012371
20,3.7005691968876673
293,311.4281268143771
31,29.938941550206035
136,135.313618651073
3,-3.152775532025831
187,216.31871796185334
134,110.54110214004999
2,4.22852669563127
195,226.86998030011085
41,8.816764383937933
218,254.47990890056093
278,349.4764061830252
79,79.24163942055225
114,157.30780819578638
133,241.3111958090969
123,155.46608369536824
25,61.50237617287365
292,248.79753317471904
48,79.80423169301494
120,157.56585888298582
25,32.34175873475107
148,147.94614839876306
174,204.55670812786508
852,704.02971613042
3,-61.00240065708107
106,87.47426721053978
1,-22.865406172173213
109,136.8286171729515
45,29.974002146145775
28,33.06042041957454
313,197.51545400823056
86,86.09523530432156
178,214.79615157211992
514,542.6541818279527
90,15.358113109633589
291,298.0586060768409
267,256.20174778416845
24,-19.52654253908776
35,40.40519512972074
431,363.6755377149389
39,138.9457984628843
171,62.58281475751312
119,96.56559336992359
10,-6.588385300506108
211,220.19637466162698
108,105.05717019942767
4,-2.0616605859699493
86,86.32339833631113
310,256.2773568570596
6,19.17819738628219
509,378.8583195268871
149,144.88012818218095
612,627.2467072974911
265,250.32241118956935
185,118.49535464403868
5,-8.37457315081139
529,462.7574428557696
151,124.16989361053783
9,5.8006622297405634
229,202.3008835452535
265,332.02440529366004
551,513.9803732882414
234,262.98530732926906
167,196.36188387054852
370,358.45401639278776
38,134.64091967144032
15,16.75236260435423
53,93.04217363431513
646,503.2979251459628
195,217.09951995334234
39,22.73036446265115
136,150.27826987858126
62,24.844063731086177
211,246.82024780605462
4,18.555537469625786
32,3.997731286356665
45,93.48196095001839
7,12.48466353325949
8,-20.891592936012277
3,-42.78199203114502
104,80.71284582254435
20,-1.562232174238321
69,64.87347227795321
136,76.28706422884386
134,137.45491828168315
129,85.11910873401013
34,12.176083890889739
50,31.903397431767697
6,4.395880392264242
214,202.0293068108237
175,158.55456094151603
101,123.181290925539
77,128.93184794812586
2,-21.889620507921283
287,280.53078522159853
9,6.567370322019141
4,-4.626889509809974
93,104.16088722919926
5,17.283587577974057
892,670.3476731440294
145,158.47525239273256
349,322.420328634412
5,-26.881905212133976
93,167.4568153581941
281,298.88058965232045
123,108.45535320663947
360,418.8801771999328
4,4.892853468533357
540,483.32210422969536
8,21.4249296166368
34,38.72482733491137
266,318.76221201783693
447,513.298062369294
43,14.042039961149893
267,331.59538522287284
185,273.43908378681994
16,54.98422807317934
391,282.2152268411684
32,4.060589151139364
102,27.09896720193211
14,-34.200918291925234
485,400.24860782645067
481,377.4269833336431
13,-55.38822171499822
2,-0.32579709677105795
140,263.83781825623436
331,335.56200354131687
365,392.48508963347496
575,567.7362869117458
30,37.67973933439572
74,110.51285259518949
18,5.64772231705086
233,228.59841954772253
192,237.94855950425426
338,388.2311785812228
83,135.80851483990324
496,491.45884999569193
36,22.289923641046638
508,531.9991270061464
214,156.07750328286932
209,384.77703572447837
362,305.8900793417421
167,161.03708166021323
379,303.2556378047901
219,171.2012791928711
185,248.2278791674401
289,331.81281884332293
239,220.40482080945026
108,145.46977765871355
11,4.558776451923048
4,-5.719690453951163
26,31.833969605001723
35,38.753490107171785
113,112.66630875963014
461,425.129739596711
35,-11.26160591615167
4,-32.294219873805275
1,-21.950746468044432
391,475.68204871405754
87,113.304257459442
133,75.37286251672384
38,59.175667759874216
44,42.776635738699554
24,30.12336556070029
233,236.937113738398
276,255.6555078728083
58,172.1242855374506
127,95.33315537073486
4,-0.6446330938260334
18,-28.723484489672106
223,238.38777818127923
19,-72.093239173585
175,183.8780877686138
2,16.744731503079773
14,-6.935748476889049
41,84.18398231934412
291,252.17320476456376
354,345.10375353228505
133,169.7880041324554
158,172.22900917462704
1,-29.60797926495508
193,161.06920292021863
167,116.96410426096318
559,512.1655341736326
80,123.87981459706452
160,183.75806447481034
149,219.25935113620196
20,19.4867061774173
593,535.2317652028082
206,192.7815215967089
288,241.59313069957852
365,319.9657900122227
184,293.1700502254276
110,98.37503907902372
3,-8.434718264107406
17,-5.42692606643249
98,104.27347603378712
33,56.49002732095863
181,246.7825296051356
179,177.00055409943377
97,91.70812991417642
302,296.0888590077257
31,10.587612048944433
31,23.286334667908985
439,339.84402074299646
32,15.373926024788798
168,132.64598744100687
25,40.137927426405184
226,261.51530231570626
421,422.053240290879
404,432.20802722401186
34,32.70472253713541
26,46.42094222492193
100,35.89253712134865
6,1.551525124986537
7,21.852213124440194
79,209.1949463742418
228,220.71583075983796
54,90.70757130330674
18,47.19891629445601
681,467.1143512860991
346,410.027853598459
222,227.22793953559162
3,-40.01671773427398
373,432.7848588374746
268,345.4902874391595
7,12.035655145249219
27,8.279202489862708
124,88.87900333626038
237,256.8194460269346
56,77.21028723815823
298,364.0890969240974
54,74.06691819152354
105,105.08443502960284
120,81.4559528266052
4,-5.93188052762088
76,97.16458213438301
3,-37.906203111387356
30,23.555681956844918
6,9.533322446636756
47,62.04122133940797
39,51.30849123601769
230,270.0897092990634
168,134.4274720734856
43,60.52471252858473
315,351.6116038280939
183,211.46852109693094
24,91.88956739469967
683,539.7835589353547
253,330.7164973288445
354,392.17305412348117
15,8.433034954136527
264,187.35539116159873
743,632.1367243966718
210,211.86494191280758
86,35.7021035765311
99,80.518839031568
97,87.40403060807598
228,154.79311675945945
467,399.56610893193067
212,182.1197559628356
102,-14.247330937639564
113,122.32917469066473
267,334.6419056295496
35,65.7404237458299
109,207.14597157543955
75,95.32145997067556
404,467.21632079758234
42,33.59269894368214
313,449.1997544123728
182,96.6748679605169
664,497.7324982148453
29,2.9038200020849527
27,18.323147325629687
177,179.44636781094098
36,57.15698681084979
138,214.4034939738795
419,418.5650055917929
18,17.038465039288948
134,190.8216680185503
324,349.3856183791875
156,234.41811833559302
7,22.28808976235987
349,324.0635510276289
131,184.6824653423274
448,425.85160231521354
129,192.56363139791807
261,242.04656942738995
64,6.04847575565287
3,-0.6648504106821664
152,202.5498936056294
394,356.8641405893028
127,114.59269803498393
6,1.0546591785034107
77,115.4066595574933
5,15.414115978765093
25,29.81033112821279
149,156.25604099428347
10,-0.794079279623364
49,37.37226619993663
76,65.69132927303627
38,-7.069026554192593
3,0.48565839200778926
55,91.65023063983512
239,205.8830493462003
2,-2.3018446342131855
6,-15.021051899463775
3,6.618351522739484
346,331.3708335832965
252,323.5167633316542
254,271.28743957029695
14,-18.869474647937498
304,283.28131373976265
369,384.8396353739787
223,240.27845274539627
82,73.52740950307117
302,295.8895785464993
7,7.255885578574688
152,162.00429098583948
226,244.04282193568446
283,218.2830597489026
51,59.28413405572036
296,245.6437852382818
157,194.5379036686213
80,78.31403588858717
120,136.81218290455405
173,145.45448324489857
29,7.305097769481161
541,438.03343994721644
398,333.7460317608759
3,2.7524604347855157
259,215.8874349742782
28,41.51555176944953
15,20.06732465490654
4,18.982999764734412
164,187.1846383069049
294,270.06709195171334
89,96.85707269429807
203,173.97249136849854
50,79.82415235201515
16,5.751238725575856
56,43.082157992998475
236,366.0580273068536
229,210.94850182309156
64,75.29788433195898
253,216.64686810116362
225,234.90216300530042
452,452.53591367499797
11,17.072657118399146
122,97.00542260193893
20,23.984973585168344
182,207.39582574526088
202,217.02031370894014
236,290.19716797888196
536,551.1321152138073
94,93.94494452948794
21,-15.36916504863979
57,47.17509689895161
80,51.60729986598261
182,166.4249270046125
42,60.537720655987926
783,652.8512983860069
449,436.86460328649224
84,108.26565123399183
37,44.03546248386402
188,177.64455134967739
502,498.92554472349747
2,-5.216987266877769
140,116.61663200910155
169,172.1885763896052
280,365.0466424327478
7,30.068119129807027
263,195.7627876265911
70,120.92690043359029
99,88.54458752280277
192,178.08685183872512
151,167.83512003813138
250,303.82546861194044
538,578.9150364205898
42,71.50049476758869
44,71.45355540489948
6,-12.84183714231725
10,5.348895394765176
60,27.529418734464056
61,39.35601883396373
9,3.764653620590306
59,50.97524097600598
135,87.17110711945242
177,249.52759021932798
11,-24.842611676443486
6,14.379423243492791
174,174.35342395653112
90,82.46516470769268
229,405.8943391562081
150,200.26724537799623
294,296.9708017972244
24,24.59973187246703
199,226.17191342338168
146,140.8705423408333
86,71.02313048672045
5,-11.454050413533597
13,20.340171262029397
205,207.2619912927235
114,148.90537315400377
1,-57.99270698737763
159,155.11072989052298
7,19.589844834466984
54,23.9937121359722
27,13.103753391976223
234,206.48939784449664
328,391.2862139140549
4,-1.1893642091696708
52,154.70365083048952
509,436.3848119646635
9,10.654898399531529
318,386.9978874515014
194,212.21038977288976
348,370.58310206605574
30,19.383039245293556
680,588.9503272488976
12,1.636557343321837
44,192.75313023784656
40,36.03626407956966
45,14.81559426660888
123,109.14099727922726
40,50.62814771435245
112,153.26599489464382
160,92.69382501880358
286,294.0699725968415
703,549.6043035135096
354,242.8082709346058
5,-3.085605891950937
291,229.00678863825704
239,224.7897329752929
544,509.43244198950805
289,326.394030307632
283,230.35249484004595
408,348.79800793135485
104,56.61858058829381
72,109.18688033854966
328,408.36649761786276
26,-9.768672584238576
13,72.09549813623742
5,10.896151990347615
157,218.82032644297882
198,213.39284693534964
121,108.50662143915287
8,-80.76286263645281
160,119.91121216868231
409,412.5597439244504
5,-6.651210294694412
71,53.15856858784986
287,245.23008279314075
178,159.99832082771536
30,38.89300887155065
153,200.74926599252598
18,-7.5120999434990985
78,105.9656124614923
287,279.6170132669586
259,431.26153614599593
138,163.74142123343148
170,305.0145110478893
98,76.48427703588379
225,231.96594592837482
7,1.7231644948120075
425,384.8081622665802
63,107.54660075693943
256,250.93665991681434
45,12.556073368067583
52,50.015499652008685
75,112.44564719719756
264,280.42749238073225
21,-1.9168471002466876
32,27.452108968471574
304,234.79992943322915
5,2.5049010779144365
170,139.13050699157134
473,437.2513265929179
557,420.7618176779015
35,54.843942403990866
790,635.1014213805012
408,324.86796194701856
29,24.94292598160592
240,155.70867584469357
33,29.749225439151868
7,-6.101817801337521
12,5.116539278139097
555,591.3060435340974
46,49.013301877027345
204,376.45109366137285
53,-13.875957194808851
288,270.775104827083
310,272.58184144981476
32,58.676053689539685
224,71.86294775209672
50,58.114593894726234
2,-35.63558529956725
236,197.45604351231376
11,7.779050553289888
209,166.33710119919238
385,369.7370850356925
256,327.53246127670945
32,14.132608536615631
42,47.65970024671134
7,12.169452835869205
376,380.15234194775456
284,343.8672858045467
23,8.05374528377143
73,56.27540808106181
584,490.96347566924857
69,58.55711756179301
92,106.78877152281552
2,9.904542000863838
465,443.43465366503494
525,456.4645536714851
96,96.17045688757153
492,514.6835036604521
66,65.50623990880464
383,388.3100603109114
62,60.33828112989832
14,4.749732563594588
223,245.67452663913264
245,244.86544952052623
365,370.2278834682353
285,223.3865348170865
219,273.6173644283842
112,358.90437270975787
24,89.38100916095829
128,113.4797064254438
205,209.34340208560593
118,229.2579077784312
126,166.91525797052157
356,274.70489191955585
84,62.884235310588565
91,109.55055024753136
329,284.9814695425758
47,39.68085934920313
69,81.80936744125262
157,151.34562863434388
181,197.41763195699826
144,94.42673363085228
68,27.621665890770597
266,229.75980864850396
53,-22.35571798485859
65,22.254487349270217
183,303.74715274461374
21,-20.221340901916964
461,494.73794496730756
797,579.0184334900487
8,-5.732788381718539
712,614.0117243426422
42,9.93319153004023
24,10.8779066123987
110,126.79254144413215
129,102.49685661760253
203,210.28047664147468
75,67.72984605764412
106,96.22579536369932
347,309.5182351930954
44,47.06557563218615
208,183.68731396524623
305,292.85111262214747
14,32.36948235499773
42,31.264741106920777
187,181.73798539210145
166,195.7391349106681
57,93.74566338465131
7,-8.014263078540868
154,135.30228508025266
338,240.32000823638737
137,159.68626717894892
171,173.91663007327344
161,130.71448490662425
5,-14.08901838015817
168,237.63390307587127
77,195.75627930359636
51,15.294009575495405
383,450.1868857847149
65,15.769833030856315
7,13.326276951562985
349,318.2256067355547
60,66.37417719152069
111,134.2552176574128
179,197.56638240973865
59,76.81890157620714
148,134.13459716498903
13,5.444137111040671
157,230.34100342428198
2,-1.5800711971882637
580,518.2854891136219
168,251.14752515145148
266,282.40695768470215
15,-0.04717847486012117
375,321.71500334195105
250,199.53904162655266
486,434.2484672008661
21,7.989799884587509
61,24.59393538236443
159,220.81681623020117
597,531.224507966507
44,85.17802017064975
21,15.130482009502256
164,198.90292668524694
10,3.050199378209126
71,54.60671698558534
105,17.124609581183844
349,401.44244334431204
173,227.56325981396893
40,60.49971440389362
54,117.94381374439462
10,-145.45666058745854
5,-1.5365303301948106
144,245.07429746891307
82,54.69155546531812
296,279.3137242563205
505,494.78754959869974
6,7.892313019244792
24,22.211167314074654
10,34.70382739688358
506,415.41524722878034
226,174.58790890471033
1,6.816821446099848
350,320.74971532171804
340,313.8571717544982
227,228.895074339281
593,471.36484615903066
70,86.72426937195036
41,61.893727679260905
513,489.92078690015325
46,35.35958847633492
346,303.5446800375046
377,422.8073155184457
92,47.931898464820506
109,144.23319011712096
222,156.00044818486805
242,190.136403269686
14,14.02583025246923
374,400.9886955219005
443,412.8725237829746
172,200.23242065949898
187,159.93204051087542
126,212.96683484357953
106,185.44984234158056
275,283.6560387085339
21,14.341097083856706
375,417.0190508509456
33,33.381613691230854
25,20.355405956401054
381,333.17056148637283
6,-26.6573231266371
383,466.82886861565504
34,30.62818054356779
210,236.587405241662
700,572.7298060836994
279,266.2679673211633
328,346.76559260130443
360,403.8911855863286
3,-31.926270062611312
638,577.5239137700024
268,248.79129675830166
261,207.0320716155216
166,162.48541445050412
20,-62.223150027820054
9,-2.203442825904918
253,212.13596999689895
351,339.7276815755158
269,326.5798607129063
55,-22.723255493993296
292,393.8219211681439
3,-2.72639450806918
161,174.97451338550349
15,-1.0754189881592455
7,9.473946090242347
69,60.654525910163215
19,-11.745427991634816
87,123.07861387523633
3,10.297990671782198
6,13.406699768316056
112,88.4559581664929
275,333.8321231021738
151,84.66364492416722
241,244.82667939463397
119,116.36131508364997
268,369.6899309185494
78,158.80414872569287
798,634.345508668893
89,152.32390750784074
36,-2.994899695137693
233,215.64121319358264
43,43.80320250762756
241,249.98630554798387
14,2.695242850207532
283,329.24817707887684
149,130.42804751635055
116,33.0750353075
377,362.48675854526607
323,246.63587871881037
195,254.6911745699377
318,439.14956853010705
197,187.96137354637506
81,107.04889295368065
330,212.36604019740452
62,28.29993514128736
192,257.98112300714325
48,52.52424814906453
381,233.98520821394897
329,344.86783987182633
274,314.28638750516296
93,302.20532850064086
702,632.0919323589201
92,129.16662701465668
300,292.574477519283
9,19.73611913824521
21,-18.300551028637134
210,213.61970848455394
237,288.06973037455435
34,27.30098135699637
785,688.0664997877949
41,22.06295519952965
336,383.70015316788385
67,40.799143711461795
449,365.242825197734
100,111.33480777898299
264,265.5615370400952
52,66.97230459986741
6,2.213833861134216
55,62.390073961254444
285,342.0873039193453
44,5.965410516334085
25,13.02309014528856
207,232.0095442760808
331,403.57788173795615
225,197.01535192913178
5,-34.30274376878964
59,18.45326036371625
420,286.34320523683505
436,288.49010709287603
114,87.66431476505048
249,260.5066146886368
373,400.696639022479
86,99.00567874311594
104,119.33413561816764
244,269.78967466118326
11,-0.21712472062239696
268,236.4397198550551
153,187.92383353965056
402,370.1054547082135
20,-22.31675074325648
8,2.869706732979975
253,197.53274447376813
588,488.4863253288483
410,374.9280281543333
274,287.33846021141807
246,252.42767784265976
47,-1.1237282164593156
155,167.36839817750737
1,-39.94207833218087
27,66.26298897980297
308,196.9698563012046
57,37.3367600066569
599,507.8585704994779
38,47.55228283704372
86,86.42388396824077
10,9.89415469209035
183,162.40847931717303
11,22.11021378286733
72,49.91928146048696
24,51.07191625491515
78,100.8160989176958
171,193.07766679334242
48,25.334750010325816
646,505.5402764880972
94,91.59507295878007
556,494.60561668077395
36,-7.282632331454469
454,371.00363536228355
5,-7.145546864769759
192,259.6906009980848
632,584.0869457898697
114,125.21434646957613
337,358.2556049011369
62,31.02904008888009
264,196.05911393662
113,36.83716364861027
61,4.6798307924078095
168,133.01243034564877
29,-58.402615281929286
483,293.6172337911435
41,36.794555300463855
340,371.7579343292683
229,176.49526003679222
455,350.1848736023066
19,28.936415866371416
1,-31.379956086955932
74,71.60759977083586
202,201.62132854574617
71,31.13874181157922
10,15.476527915030427
50,50.95909833764773
10,5.957736055855602
182,176.1959148315992
405,372.18581223084556
6,13.484178727943398
31,137.3069323007839
3,-24.9184755934611
154,132.60603321083323
15,27.37216425423372
167,199.7319321234476
69,176.33522632014544
41,46.55271493519345
202,242.81365954718518
244,317.8643117718886
34,35.45134315216734
211,228.80316263489414
3,-17.632515965469967
93,16.886715457580575
341,300.05104539125654
60,113.73425938756361
123,91.74086651135468
285,325.7678137224255
67,21.64233246329712
727,705.5899751549725
40,78.56596231063827
140,110.5644461455775
158,134.75989878521818
248,327.9662261749036
184,193.9614616815133
81,77.33474178715664
257,260.3503837307033
233,193.69006570005305
108,118.22333716117708
658,605.5933047367298
10,-24.353527462131016
820,713.1750544279794
421,485.8015264160775
78,25.42915221892908
175,201.52925341432064
117,176.8879251479484
266,218.5691003002218
313,290.8001913618302
163,138.9480994581544
325,281.69241685788705
94,120.48329276571843
249,238.19974372155542
547,389.9271050458853
106,177.8552917942327
536,565.686032232104
286,295.78955715166927
351,288.2246725055533
109,110.39828310856689
4,-43.351816405883426
689,473.3882177384013
371,316.92010774392577
129,159.32884268104834
322,328.89754287281335
435,332.991888013434
4,-6.122947353498322
45,55.681018819831564
152,167.75628660966248
169,178.9683225352218
179,130.7246589139583
3,-4.0746531860489945
56,23.445856449659058
11,1.2511888293894597
11,4.605022791949349
1,-20.458830450630845
110,151.98832784554054
47,65.63302769973235
287,380.7289633792894
130,148.29410613780323
290,302.8655752505472
29,7.768129612470883
185,190.81735733382942
20,32.32884393243859
67,79.2167727886123
280,305.6396959200569
138,144.6800266318523
219,184.9738892777836
219,220.56206530953835
53,92.31725701905074
29,77.09595150371314
3,-24.56083867793888
369,303.19379797272535
615,609.3043498532998
398,435.88522586711815
4,0.45833630960265426
42,27.02682952784826
82,88.03004666697137
19,3.2499396932948312
229,222.2658840979512
254,293.47438159130473
186,236.52566106779435
161,167.03204773549163
241,338.1566274734661
16,30.754967044816905
163,221.83438957052948
4,11.924782522632139
69,48.902227906042356
419,468.733456627833
274,256.979157171404
76,102.00044038878411
109,124.05522352586752
255,334.1339163267883
893,675.4555713346928
255,259.5739544191335
143,173.5449268434631
212,203.52181147340588
2,-80.68101729254369
159,221.88619703477013
217,186.66522276209824
31,53.71969496521933
5,2.5371616404314037
457,545.2137674003064
220,228.28947365698383
30,23.463620190777814
6,36.03595383977705
40,77.3079051765784
427,384.68117826335975
106,203.2677893498008
32,18.84875805944267
15,10.182272608518641
241,282.7998455678913
150,145.2708370375632
568,575.2077465186597
253,245.66972321351727
397,352.5202423247064
8,-19.03756981427262
457,376.6567240823252
314,368.83901371097426
22,5.017879568316342
487,416.38337147878525
272,206.69158295128335
225,225.7673501726512
326,207.6320638593087
28,9.514423326370942
150,182.5097693765797
224,363.2958081761721
273,284.0103349725225
204,239.89383188144498
1,-8.007274530097622
5,-6.846102624801848
146,167.4226400394583
78,75.67472648175016
298,337.5473169396651
67,51.31213197462796
582,598.105017142564
5,-21.6439152094452
460,374.00688397061
788,585.6542161931337
6,-9.517785888873679
60,43.15628329789763
194,168.5919806597627
591,469.7476590123362
135,99.91955716018816
13,19.544873320562882
182,182.38665914541764
6,7.70807294132106
327,360.1082534495642
37,84.79904883510477
343,427.9516717582146
218,214.0919802784698
332,294.2835099927117
161,197.5554180497175
472,354.5882399436019
215,263.51659763584865
232,457.10164513547534
49,101.86197930745107
211,176.87868111848127
194,141.71501909107025
81,79.433536111286
4,0.46254012973718917
418,419.33287432101935
176,158.5108521602308
901,729.7925524105162
19,1.6359843953973834
191,202.50962054266034
47,93.02472077115834
10,28.090708760175456
19,6.329889369022336
145,151.37442497083518
435,411.0203112416072
696,637.1808695812936
299,299.46811599375803
294,292.2990753297492
188,211.82587495982227
190,178.59277814082895
8,13.440931124673565
87,109.5636818946092
103,52.59894700986507
186,216.08740207942395
64,94.7835126412269
116,126.50673953611192
351,419.25730419108794
167,149.4574798681593
691,607.7599982141182
11,-18.989553145399956
270,312.77479917512545
168,212.74085067089493
50,11.16437668051736
177,261.24454154500904
159,188.94718461367
70,73.79729961790088
100,63.500364327425274
56,85.9877597678848
183,161.08335877147394
132,158.23120352372752
9,8.634083922377894
468,428.67302467038445
520,364.3792251506141
399,409.3953568857097
286,214.18820504113614
197,199.1177795502902
723,489.9507499435517
67,98.6885240301296
479,459.9608141853868
24,17.431570362839064
222,190.85179969159782
8,-3.680964686036251
69,13.773330962423554
192,170.93176245007993
6,10.357883944355759
188,194.75560138868644
402,398.38172553663145
311,301.30866127295906
71,60.34590155800308
779,538.6091055309607
388,436.93715671318694
199,60.29624392802856
57,43.2273722995904
3,14.79591484032704
317,309.00209209062524
10,-16.674498659015914
79,40.67945992959088
4,-12.592212929592794
310,417.17578341860604
7,8.991713879506559
17,-6.071276117895028
371,444.65201318439574
39,120.79708486452
3,-32.96775695900607
180,244.323350646259
27,44.58838505311752
74,114.88055923306808
296,271.8087581757181
300,349.6123343725812
92,68.12252882314891
466,544.930734187211
609,606.9587535957244
3,-26.82113681412699
270,248.98226796259218
335,340.41767898153483
420,352.11773152086226
124,126.50736510543351
431,418.0263918478648
181,202.8548833901013
140,175.90637369002295
218,239.210725930202
103,115.66124791876098
23,5.897667708388948
279,201.12727055050226
182,221.17239445090019
348,338.50247868050945
68,62.66691029059933
28,-6.261812905855383
77,25.24400688624001
486,394.88600695620096
42,-3.0318556703288695
299,277.18696798978584
60,63.832465105616734
158,238.1120071868549
108,85.57469833576937
605,559.3392248182761
199,221.1855142430856
120,72.53173471097597
198,244.99499046229488
358,204.89888167942934
291,232.5529909346895
364,314.92521831721075
27,37.79238736048575
189,150.76911916387678
13,37.11945311435312
204,183.95047916219102
297,372.7722870567827
173,91.1909171502503
163,147.61383422964104
242,282.1702821685605
272,331.8182068034768
238,201.40837526297378
138,155.14644206155236
85,146.7479292158512
15,-34.619180001227775
28,21.420797444550768
313,220.85897321059136
77,172.6457092525452
406,396.197259198886
142,385.38549966329134
426,449.85321220464766
23,44.28578347656713
40,58.73061200402191
55,72.95414468237556
420,332.47333731778826
399,454.7678772181478
6,-17.03902322736548
386,419.45566723748703
67,80.82536509692778
19,37.6255376370878
85,93.64946796772298
222,230.58354585657452
491,356.61140136489456
116,101.36005454071557
7,-19.66542200545081
289,264.02416118056834
4,-3.3622462340353567
53,50.92170476680809
144,145.55143885852772
42,48.83518664728109
58,1.7519703699808216
43,46.30299478186208
9,1.2207460995254533
213,190.8991590323099
136,145.7982719427191
101,128.2074954046907
601,261.7744117182324
168,198.86822766681024
321,326.9232287221631
20,-7.61979192998621
5,-32.85663988249388
394,372.0235579939263
265,284.4911819988579
21,-34.325791553440865
123,178.50049862357343
6,1.7692601229911102
86,71.73858664339417
116,150.8800549457508
193,226.20756888158076
122,106.0994253730143
277,296.1703956506804
42,62.021550200697504
355,341.99302119083706
8,14.036676927655034
32,12.522463587962644
147,141.48783305795217
3,-16.39917927941082
129,73.65085218300993
237,242.1895198215704
2,-23.280728873798754
140,169.92897679243742
73,91.04143516373054
107,89.36519463891665
359,372.18499698339417
251,199.99648492975012
249,226.9572298553342
178,172.39039125902707
669,621.22224043164
145,72.23908065040314
74,90.77173401883255
386,384.6339661737174
32,-11.186164724095367
50,119.64359696128173
62,18.275079084466196
151,178.00686016802365
325,330.6081404416756
73,63.698765903717714
118,117.11327403380324
225,190.49893371943404
331,250.244627598566
33,-18.691923585045746
3,-30.566624941148294
25,46.62623256875395
150,172.61789655251903
448,335.99296502004984
458,480.5487846568474
349,282.01385094825673
113,93.76276956582592
15,-13.17943620658679
7,2.047716314175713
85,174.7696040299631
678,503.49393127400293
226,260.53726706206913
1,-19.165481715716684
284,243.170097001138
167,271.8917334584186
20,22.322921334842075
127,160.37722818601014
121,150.5814437778221
483,526.6814323199317
2,-4.247182438178871
291,285.86328423245885
68,42.839482575191084
2,-37.156753828316425
16,35.960834836930246
90,44.50990100020459
1,-10.906778752588881
43,178.44010843314211
112,124.90977269135368
131,148.97616057978047
143,177.69913504191243
2,15.631725083514592
381,327.70450669019834
68,92.53254892388064
330,308.81138535625445
229,204.65033542637858
80,71.83747118663251
274,279.2900662059096
276,295.78576282234934
281,396.3684510567094
76,68.52707799371524
12,15.672905811608242
88,91.42446687590967
27,-22.559721399391552
129,151.03843457699492
285,262.0290265749032
733,615.0823824602838
38,16.32461451907687
674,589.0913607237563
384,401.5916733617697
92,250.21955506044503
710,565.5790346220228
79,70.50297500935193
177,219.3618126364703
28,14.1952471730342
9,-13.570507175345657
103,70.48355338964336
243,208.16348183817846
82,15.429723557810402
2,8.541426194248455
125,118.99115612098728
439,442.17995381312716
165,156.78857374291547
179,250.1691050303969
425,514.7443451056242
43,31.908659740274114
187,112.79050826777149
17,36.379106830195894
59,57.256089207514094
102,68.62880579583287
134,248.1563922786816
303,315.13686065118014
44,41.79480317476484
125,109.13107498998545
8,-0.4791241522706886
86,-5.728813393622662
5,6.520300288214283
12,3.394771547276886
3,-12.339647417686084
192,233.75400378056096
40,24.4891797457804
148,110.81643528132295
95,83.88213067119642
126,135.10689176748082
36,41.591677521986654
6,-7.970087027738774
614,502.6333734535877
278,264.5679809042983
379,470.0004178370493
393,335.206233287828
7,16.38839173666275
320,308.14142776863815
204,217.23351802655026
248,165.8382229566366
105,117.73748674389876
190,146.3413565544883
265,319.4605983824126
214,205.91648297025785
314,347.63697865419084
149,107.35796524696752
83,63.85424508884654
168,164.3282765695452
277,306.21370599996936
138,119.58989858483962
306,407.85412358681117
423,385.24866269638625
196,183.68429488186956
3,14.045175058756111
2,-36.451433451804576
7,-18.261345476823923
89,60.056764788861585
111,208.3781109531654
9,10.914526099282792
349,320.25489869241426
85,0.9362115613976667
8,-4.8361307346153275
184,184.97744566168097
3,-6.607949959448607
34,31.19661071064564
300,333.68313170417235
310,261.7297471065059
3,-11.417726708987804
8,35.47539592878053
73,85.1025435952094
220,248.31951402277326
18,18.04927650123278
246,245.1690843862027
194,175.75399780126202
96,7.8741647950707225
119,74.56292987573426
180,241.2642715569685
290,305.9736759945278
29,-13.266157156313799
239,302.2418811737863
51,13.249844347453116
175,166.10550243687885
18,-44.03487967096777
970,690.1027212763084
249,279.7435976414434
117,187.27265177331657
55,62.19583816605112
5,-0.45137906061558253
278,383.91063494841984
199,259.77015589586523
464,525.3336595558835
4,22.84972436348931
586,496.63637924787287
286,367.3825371923255
88,78.32442726496936
79,88.09139658596007
202,237.72866326553506
155,160.59812720368524
229,242.90943637493837
6,-29.037473869662737
53,67.6484359469693
7,-5.838009600690786
5,-15.695400570320263
321,405.7585772795255
134,93.72852612318678
8,2.6859023805787356
7,19.490214954589927
14,2.1487531273020832
338,286.8984334801722
82,36.36121406739693
187,213.9274317607123
1,-7.6664293936794685
331,293.1334615547784
117,69.71901387308651
1,-11.33155031469784
104,118.3257029992447
87,68.24781120600375
485,454.9232741119326
390,497.15017248344776
19,36.28223809380876
419,407.04578647095485
8,2.6506407151674947
713,504.8562111953879
136,159.96795107396684
42,26.184884966853186
107,109.17132050331594
705,569.8003585764427
481,482.9989524345581
102,51.68415011276403
238,146.64803574920822
241,223.60647898608346
135,174.2176020268683
468,417.1992978626674
279,238.12411748743375
43,42.37228907317632
54,33.08421415889353
386,348.0883697777032
207,290.26183917838586
498,447.84075254628914
152,208.47837759970554
238,219.91610872200778
12,9.200233517754494
671,561.5385173875163
4,9.502046761452956
116,130.0681805343283
345,198.83600614908516
46,19.02296340353706
4,-12.203634091089729
133,131.47344507614926
66,87.82832304175426
273,231.89881782948828
125,154.00225389085426
449,351.4176450973549
30,22.815133638192318
124,151.22152683531914
74,80.05320182323715
78,109.29260616389331
3,3.3280716837305673
58,44.507078194443295
22,64.39437735863936
267,296.9739342161016
527,476.0355061555508
302,297.99583782020875
152,109.30186304945727
6,1.8886604662226856
144,161.22446070141666
568,546.2287828924756
141,129.0602176909266
155,167.52962691807392
374,359.91263319907995
341,266.8156528928916
617,524.5688798253274
728,615.7731645527599
4,21.79270709457762
177,181.70523485129414
99,74.33526179721929
6,-3.518758331097789
155,159.12639999797506
78,94.9113696372691
102,100.54965436322794
112,104.61886596287158
170,196.72465438559345
177,177.36651103076423
14,30.908314120844178
60,73.12995598966057
230,252.3986599338255
58,30.164046817602237
116,61.3529793701361
8,19.7053762571914
58,4.639057499949384
138,128.70408438667306
517,428.08392123120245
8,20.42799699576386
5,-6.637466167795257
332,334.7203999625361
21,17.286053750634945
247,216.0337174190729
377,455.8745917628474
116,63.489303887034964
241,256.8102157676048
7,17.70243206863398
6,6.993129831393443
6,8.465309998898245
211,420.57120136124394
23,18.30048310406394
87,147.61204913225595
123,124.98800344823525
6,0.09468990541443789
215,182.55798738985857
72,48.64162613559546
197,207.6918068036104
28,47.24131767578797
38,21.28060201340133
3,11.727319643867812
262,251.87079096266513
27,51.775380696766035
20,60.64749097532314
11,-17.631613770564858
30,96.0448145368203
275,221.97781627805472
554,436.7032247031741
57,17.617724466268836
3,-19.591830155132985
6,-93.99381589010721
90,77.21362412227808
148,167.03233125399743
171,203.75510467342315
4,-7.315033095050982
150,107.14414835301176
49,5.945131900280611
3,-18.817934856642015
32,75.96137528142177
851,707.6753863617597
171,151.18337097173045
605,447.3558608883361
289,269.55786191658996
340,356.46869745504506
56,103.38506354375224
94,70.48714080405784
70,43.18644576049843
154,185.60880449882177
72,122.45850245160995
20,21.888011393563996
66,20.548061931298033
257,389.56060173943837
51,77.49199104644228
34,18.640191432115497
43,57.08346189801688
505,590.669337971778
48,8.118192870228366
11,19.61184116694704
165,124.94872820516764
146,113.36792897400682
98,98.29917038704059
332,260.48162400876225
239,243.40667747343633
7,-3.5463930316561263
511,397.1642482886887
5,-11.132987922932802
155,180.50319621298615
519,432.15625737670933
306,371.85688090781673
85,122.05820250411274
168,259.5369374477936
10,-16.165645177641128
209,206.29394666375504
237,295.05927116828576
157,153.50317265664404
230,310.9576652090572
12,-9.237407941081702
156,131.2170523142999
2,-12.165768795083924
604,587.1336199487307
5,4.713721071354765
320,260.49614669357567
336,299.31333955289676
95,208.3750837823164
642,537.5976947697632
45,46.9949598961544
26,5.108365967319795
240,222.7019726877621
626,549.2364910068292
5,17.18301488087968
244,202.70343217700122
282,298.56850327611204
142,144.39840023875922
5,19.196371188142674
89,110.02750472289682
61,63.908551168271686
371,297.14092053897906
11,34.17361867887536
109,108.96036776553444
126,163.57611113110255
389,475.8957962455703
473,506.6038416011794
296,329.0198566372598
31,59.854455387799646
286,366.34301436699695
370,405.57976277742574
138,180.65470830407554
528,432.8476984865658
653,552.2817232599307
5,-20.67977124802471
6,-22.513126893652103
270,287.31242255439076
707,601.6534592343875
127,113.96202668876722
217,201.4455611201335
224,223.12496240397758
73,85.85676892980342
4,-36.4059921091295
17,21.923392486411156
373,357.2411772427802
128,231.42830716015558
70,10.551233201165413
88,96.20854069133486
290,309.8052658921257
385,435.3235272097431
67,71.22133218302343
666,646.716411350534
245,328.6704685112814
686,509.24192386895544
349,350.8819098322783
370,405.16682517077135
455,438.9454702891722
191,143.94176063840092
23,14.95992155196637
93,115.21069331084158
586,547.025318928247
161,216.08470237898598
96,111.39509776920818
217,196.63480564383778
88,104.69787044636314
224,228.99550303839766
10,7.0824663940985
76,44.47340338797181
288,495.2782640081254
117,104.18260464313624
340,380.72704097907143
120,138.92482784863705
118,90.48588109405478
6,11.191237721622937
13,-15.13810156362246
130,161.29817468525135
50,52.87216450025579
129,81.72498346252314
46,82.80658199856595
679,563.4862771154819
190,182.65768661620797
93,87.0057854065451
120,103.97245796081654
33,29.810249649530814
381,417.97827705406786
148,56.91758860403522
17,17.537946609506488
56,68.00568132340368
98,104.3212684424465
664,426.84456303553736
244,212.01610813200057
723,699.0640983859239
417,366.08353940391095
196,211.65448880882582
25,-24.526440627820822
15,12.752003304135823
114,138.11311790468116
89,167.44992246320794
114,307.0195713313272
179,195.2539108111958
1,-13.85463565171489
30,18.460224249021447
155,186.45201032944425
138,140.17346104039547
110,107.30553991060793
30,1.5130904527103977
72,89.00415627524308
291,291.38729153083085
193,193.40267832778778
21,8.504400051548426
117,81.13014267530036
92,119.32150078976076
71,142.05671783014682
158,157.4340698750446
29,11.073327214592492
641,616.0369137827428
107,106.52056545002446
317,348.28976229646133
8,23.497295318130167
191,174.5055709260544
461,465.0839241214885
280,234.01406476131268
672,500.2535339857768
202,250.14761531474645
4,8.505184287733922
167,121.47724058325792
17,10.135249068477872
593,503.48308915595095
348,387.8926374697877
120,71.22102234777856
322,394.202783394018
612,556.3140177370116
412,352.0354709644921
194,244.79119334325003
122,166.9374800526242
317,319.94051020919005
25,23.441897697534895
77,52.88770946629694
78,104.21494005598419
69,47.46889436061244
158,192.59497223706688
167,156.25760084265602
421,445.2228534479591
538,445.5697551087815
110,121.41024019445314
6,14.101082262621784
254,264.59366508563585
423,452.23600128572315
158,197.85710962575286
66,65.01504815858024
90,155.77456316907399
435,388.61677177365084
516,520.4329564612033
241,261.7954966369612
355,397.1889212517876
102,130.2004866251275
191,250.4744101623049
734,564.041786382903
32,54.442514451376496
62,50.69255502052553
51,121.89012614079655
313,268.64244506605206
191,126.2965896882875
50,32.21177957270487
20,-1.9947099074535717
34,147.88020025343775
341,344.5189871190659
578,539.6076478121722
24,26.150839235942893
300,226.58390594452254
7,4.4238494796177825
168,231.5021568014932
10,9.594051957590462
147,131.7263431949038
20,32.65610704559714
39,34.41220311599386
534,425.312285070268
120,144.54440885177902
406,494.1228904122599
16,5.166504710709713
41,86.22025230725858
4,18.144005241210774
1,-20.780487807427964
453,422.4665021184623
2,-16.22727857163287
93,44.22849184526143
315,348.4386585366116
294,266.84125031342893
281,249.58446387540647
196,332.49429773960986
168,186.26273803680425
148,126.57418801113502
184,218.26904673966783
420,389.0605925657863
7,-29.927522233527217
87,88.1206879744206
49,36.53711370207094
57,110.64752426463247
58,32.908927885461935
86,104.39786012646744
149,204.30183329350368
199,172.07252209135657
268,266.623839231468
325,279.6955684991447
142,175.6078532950474
104,65.78728176099605
30,-6.673816601832474
206,203.38913015902114
5,22.887181495644707
143,192.411708617751
10,20.61996525843372
133,129.16930605627886
854,690.6017816370427
362,438.968204153396
8,-16.904529953907574
191,253.1763227376705
25,23.08214039314299
49,102.13460481943991
9,7.278900819688541
13,34.514263346223515
15,-25.778949407313863
17,-53.04556502834845
3,7.532314253829721
134,77.97620287266511
322,263.45672128772225
60,-22.647396991765564
235,332.3448444696078
188,183.71835292561053
225,234.9657170623239
568,480.4674088102214
107,52.55617324918063
153,124.6605322358277
154,113.31822062772545
767,619.8956451345907
179,128.0031697305759
23,24.622386804351148
20,145.25861196866794
306,388.0565889977908
75,60.57623573116834
2,-7.172023895123235
30,1.533414323579049
176,135.9544500192193
91,181.58986106876682
181,168.92778662618954
337,338.0988273961338
107,246.29052026811416
22,-7.257081498878907
13,27.867574927850736
21,23.448962381446844
243,245.78030464760235
98,187.39676856698173
3,5.748046860735084
334,328.82962136061127
6,-11.450668199313615
146,149.54326742002365
219,187.67784859241434
20,38.338777462764995
251,261.03815596077175
207,215.49000908250463
95,167.1800497887345
456,424.7562872194852
42,26.52863860334747
26,18.3295483262994
96,75.85291235135526
32,15.89252271599457
50,53.155752890107294
71,42.26646634212523
28,-12.08603534762165
473,375.99376282449657
372,352.7116636060082
9,29.900968764394232
196,188.5884870917656
35,24.964215112225187
395,340.5652495319853
107,115.3107860671297
8,2.8517802420735703
209,279.6013020523338
283,309.5514704091378
221,217.7943928014107
229,176.8868389919009
203,199.6670670731905
87,64.70645277779914
121,164.20993216217363
338,331.4740216391111
181,153.70218061206936
498,420.5561338091046
496,447.0375148298304
48,29.722981667200937
349,374.411348967145
9,-22.92345505542602
175,150.47695618281597
59,20.149370733296617
307,330.4243841754315
72,62.728803383596244
119,192.05322383207488
205,199.38716788817402
83,124.26334094542261
4,-25.867953631719107
87,93.63078319616345
95,80.10500587122613
473,331.7082684178005
372,380.4673086773087
422,446.43364341902947
151,118.09423438260495
156,198.01133883729517
94,125.08777856350167
53,54.46832020600209
133,73.96869533120855
293,334.68740762918816
6,14.533559975825423
74,72.25143695809183
516,549.6029337151044
3,-70.69243985389329
7,-48.98343633641383
203,234.39730890011094
255,316.3097243004776
501,418.78655736796355
360,302.33725002873126
4,12.611869474586054
200,156.0925755264857
70,90.02568636220525
151,105.9091918415358
108,104.6338214811135
12,6.371274868305189
337,426.6283466074589
8,11.91370191585889
432,323.21636952594326
826,697.6871329980684
36,63.89089308485822
387,498.50860357476444
178,264.5742286111045
10,23.345804828624804
567,475.50509808475624
18,-14.529704845883035
386,501.84458707699497
169,146.11179797556025
236,224.5368325766308
3,-9.907322444607548
169,229.32786057851462
36,43.70919054554588
256,233.42832565544245
123,124.52637340273162
212,217.6911431574518
69,40.77380934404056
416,425.2814447200495
813,516.7758824359598
653,580.9667190171406
598,436.6423039138172
1,-28.688127560599188
166,188.98639770625078
19,-11.106526925349105
435,368.5035749964534
465,449.9742607347365
274,363.1800104290989
253,268.79783200997394
359,313.5002193347968
246,217.97696394448047
45,72.14616967217495
19,-36.47584535193272
71,20.603423346338044
28,22.458886563194763
390,329.4349697661547
49,55.912004467813006
236,214.08292528294695
99,105.49661169225277
204,178.62989869819853
189,103.23844058579158
5,20.005561590655415
83,56.4374834219675
345,340.148222626025
374,388.7942279983469
673,575.7017354484972
23,9.785027241683618
357,443.98955668442613
41,39.00257285224944
64,65.33159277054824
172,208.04919941817508
86,77.52659910455924
3,23.148729052488815
94,88.93416428318989
232,244.80731171698363
96,67.830805884081
456,431.141444099551
977,726.3963477137756
110,146.9999868619006
141,110.33704063979934
238,265.57613624878826
91,104.27725363111529
50,91.75834419213498
179,148.90955143969342
98,127.72621962744648
30,53.07917921170667
558,553.747044711997
396,391.40085117717007
16,7.593267072657053
2,9.600133212920579
359,334.28233867565234
208,530.2138065567021
49,20.241593674630675
125,157.325005464832
408,308.49289194834665
125,112.9588948056579
45,90.33881415867825
235,227.26155993050924
556,466.7820178532555
31,12.541768453263156
331,363.5611101100183
197,200.87830082677732
90,91.46604568628521
878,705.3937277906969
130,104.71218154792805
585,557.9371678077118
553,403.23023049823894
79,-14.077312038471636
138,110.94767313078495
5,11.494425051455718
249,251.12615566027137
78,88.18682206368791
626,386.6612745504646
33,-0.41339118929693397
82,61.808404146940774
39,13.021956165351977
62,45.9226789072664
314,433.64461662846946
21,13.067808981076777
71,89.73609120706976
341,428.035759678317
2,-35.338360269829934
51,-66.16464594704735
399,366.5751058265576
93,82.51111930373321
311,334.86502759418147
195,184.453407141028
179,167.20583285047616
245,198.74417418699193
68,22.944045584187332
44,41.280675657041456
375,256.3326891067733
230,246.29861788144404
497,500.11984304643596
165,294.570207745377
290,305.5224895568498
376,472.007355255929
1,16.319228455646307
250,284.53393676884025
175,199.18584162048023
556,396.5497346797374
64,69.7255080807249
76,93.2026090563266
32,59.08673711697912
279,227.7350226820903
13,14.062122292001558
202,195.24095018363093
162,113.8853771120294
134,31.425462825488918
334,399.46731062629345
9,-31.854948437046577
68,189.72945394156773
289,191.53375207741294
37,21.058479404219778
21,7.960894552888416
51,41.012151557008224
319,371.67274245624554
63,66.27714953689252
414,436.2931861324485
106,175.23288996351292
136,157.05588885350642
156,127.59038896259517
100,106.4868107332399
47,56.301145579765546
171,178.39590571484354
127,132.7401976722942
338,331.5046332175557
92,61.242093510112454
201,246.4467231656784
42,-4.4351503256560285
268,240.42840969180259
13,39.50569490365734
458,472.2287116538445
408,407.9574604927211
342,415.5125262369865
7,-2.291377896122245
1,-57.20752261007459
93,78.21375496087757
693,676.9264109185837
271,239.048327053893
217,177.07465988558204
6,-13.175206359718747
83,8.618272511446659
28,3.8291646715347807
412,318.77042271403786
40,31.16953427034377
818,729.7033595878268
4,-32.189688259817274
116,97.55863428468513
320,465.9243783005251
97,79.28467293123333
373,279.67077763218754
301,309.9699659735936
225,250.5521633540156
21,2.544147176854804
822,539.102356152049
4,0.397822519635437
202,178.42468497029427
164,191.952272003019
204,277.35744625812254
12,30.791232826869926
137,203.55521662622056
139,90.31328722430774
741,566.5936363919651
289,231.38240049312742
312,397.40426249694906
217,242.33779119173886
738,591.716530325441
47,55.02485319046201
495,368.72362659018967
360,327.14944624650167
221,182.01971463547926
113,262.7270169335693
105,137.10025084104063
6,19.825520453677708
185,240.18190766568054
146,127.2266410563725
8,16.882917303502662
655,543.4029790601647
37,50.50470735800792
147,176.81615851200849
277,300.3512769760227
125,138.2966891050517
57,69.02524309317124
178,162.5526970055901
81,151.46741347620838
270,251.853349188526
3,4.989582993984779
38,-7.0307359210683025
613,586.0083791898799
5,1.5946832750531112
2,-4.546747315487156
152,144.1436144603503
454,368.64927807248824
8,-8.83692161015296
558,531.0421126433597
110,110.56881442418398
129,145.01630863384983
26,-7.0859900838974035
131,186.84560521026896
649,594.1061236758151
5,-7.49098603285751
282,273.0133666841976
355,298.64552095387046
107,148.50102775872125
283,234.1746859369226
351,415.6346883773021
3,4.18200025696984
21,16.571043706878807
190,237.6595038269331
300,318.83258303906877
5,12.026998333101172
57,49.834856372238676
4,-18.833078013538117
9,3.775485928402642
248,229.23942224696964
332,313.0425779687609
82,132.60737950829187
32,6.553375019995254
84,93.25824876207218
374,373.18941565532316
216,326.10229442223164
111,114.67653654781782
153,133.20948419506925
324,433.8842692364232
92,124.55743834077327
90,95.12093191747437
27,-0.9906063945789785
244,264.7536735719252
179,181.16818272412826
2,-12.391410935356081
183,169.7188050149216
256,254.2201199080011
171,182.88493384978648
111,87.47192144473888
207,263.8767374189923
163,66.86526523362647
4,1.9098063700844787
366,402.892325580784
247,288.14489841198565
256,337.0272498297062
12,34.57209191134967
397,248.82615258580796
37,33.33858194167175
387,399.95980670905374
105,127.86078315774336
492,427.10131366367403
7,5.815550088621702
237,297.085253188406
49,44.71753603829188
113,139.44982433234662
546,499.44364998164724
64,4.77108235806946
51,203.6789488328427
363,339.08214246597015
22,19.47952769905177
14,5.047672642531946
267,313.3349501323295
6,-9.486893234668006
621,499.0449213704639
257,222.17448315947075
90,137.80099970465716
161,252.44581116299844
7,7.408129161278506
134,210.21876242553566
162,359.9461772573399
27,18.05300505272731
186,219.3173447092601
7,-15.036736597098244
57,41.050753464289016
6,83.54261897070984
281,245.71491548509277
219,232.66484874960457
78,129.2411466350036
526,396.29295537592753
110,18.75264997738685
16,20.69984624526256
321,214.78746286072374
124,82.60546435127426
194,175.84514103239542
165,129.08119532914904
290,349.51299535073355
64,60.878324565853234
444,348.16092279155674
71,23.178541854162685
98,123.88770148414346
421,394.18964710479696
115,86.57121360403306
246,202.3875768617588
367,396.21490612349714
106,133.75772561114994
13,0.24758774835964603
228,186.74864980091704
178,243.27260237439052
285,289.33551423707104
9,4.281014796211533
234,242.5573104237073
102,205.89719494303512
92,57.95742910245204
3,-9.450257853307168
25,16.264352067441163
19,-63.60831953514352
305,392.48647981732114
88,40.511286092137595
5,9.896166147861376
2,-9.155955911838593
61,38.973829975864874
842,595.6014651511806
1,-25.634181481809893
190,221.50304684736017
21,0.5603196919765279
410,375.19621985288126
220,207.65279466382466
130,195.12303387461367
135,128.18710285620148
3,-32.67105647710781
149,166.54358457496747
87,126.80814430404934
232,278.91694286221167
164,188.24199991140213
29,82.23081404278548
211,286.5438810034936
229,222.07732672349226
308,348.99301704078476
420,435.0594185157102
21,-1.574722653639188
88,44.75977922687491
30,65.86827451416053
10,-4.3100669951407475
91,50.27524816612957
373,292.32076121181564
188,141.23022922677882
7,8.9242146629561
382,345.9873710324298
149,148.6707410491727
489,435.00132759489316
2,-0.3076105855251572
226,180.43380346556765
8,12.497195136983745
147,144.49784020620245
614,522.5109030344618
157,159.61321216761422
50,49.103251541151735
358,487.5215981619508
239,230.8863176836776
98,41.23074160597844
231,244.96318961203747
87,88.71502681575475
601,451.25241418886856
196,192.6258024117712
5,-12.188576020149018
3,-26.882954509176674
32,13.83161647338886
117,129.29014152983603
192,271.75411638743066
32,24.773986985608698
310,252.37984877078685
543,500.7143521146762
12,7.236272914719333
221,196.30480696271252
206,246.39659179252283
524,582.9870831172874
44,5.4535516506503505
167,104.7220465375056
284,235.39472421111526
108,85.73008080481185
89,113.51918493679648
6,-10.84445990519129
26,-7.994730205783473
151,181.54743658571135
563,521.647682534664
498,540.3358588689468
212,275.26301645648493
432,451.0690425438372
150,165.59376018162516
505,406.23166691268125
89,147.57564525347175
36,2.5632269212576912
34,11.504128394937478
239,244.42314085951597
12,-18.99639864813827
623,511.67251210375144
6,11.56485258749984
127,144.16718628391357
134,137.10439960336987
94,128.9618791379919
73,22.23162513992821
71,59.18310745524633
376,303.28694036079025
242,229.41924616275594
562,576.0119144157169
312,331.3116368505495
255,267.47161347502646
136,195.4348270812302
16,30.4234947469543
160,216.92003905529248
133,195.8132658310575
102,81.64616315823133
214,247.8964735046184
301,214.4147195580439
201,274.7886854095662
652,573.5499721861908
4,-0.03242542536014836
18,8.123586758941709
272,224.6404025186185
220,188.06869462129262
328,384.9815199821193
200,208.67108029116676
180,124.32810152427493
239,149.3894133219586
614,597.7502020861277
320,320.07111752906286
318,286.1934322376473
581,618.7042523456029
474,509.497728474811
219,195.58399876719383
402,328.25197380664383
126,51.27810896909074
156,110.1293069660224
9,17.80394662752229
118,65.37754263262954
136,187.74646985030546
791,678.7916584360794
143,157.13791191299921
578,562.2129630433319
14,-12.335601512046143
10,2.308255840861929
58,52.64267754109159
42,31.284410612772202
244,194.1823954064202
326,398.09484877563403
296,345.93483632337615
313,346.28469479332415
162,214.261818337424
73,25.08260139830963
73,58.02685946762335
6,-7.6848887474676
100,157.04765011091425
11,5.830113387685568
368,264.0915198241694
85,33.071662581286375
39,65.37633628285471
153,227.64168845370517
127,232.8496608608146
430,396.6963590715912
596,636.0668995965667
74,96.93252627960345
40,56.26687331179443
104,81.75853381874532
240,191.37095744818086
110,37.02087069575197
29,32.58396180529013
476,426.19396395150517
36,69.60594882864518
307,313.81869720039697
288,250.94246322970628
392,318.6207880465234
35,19.117807014640956
358,362.8570602801075
235,222.53135933809938
48,63.27212790478018
270,305.72413623864094
612,514.8644060048462
268,250.69482595459954
356,252.19116970533935
114,136.54996865087185
65,47.23313979315583
500,470.19745101241693
3,8.350097649008202
228,163.07902944006048
5,2.470399249938336
139,186.25121810452384
9,1.184825052979758
93,149.06529842011236
80,60.91321129944086
156,162.2371394731523
60,152.41712365033612
79,68.08342483503642
98,314.4835134529165
94,80.9364690935534
87,21.769366419682793
311,208.55488149099705
65,47.89812837364053
305,307.8933630795767
342,302.4036440868028
538,421.9183933836448
281,249.10920322011236
5,21.848779040560938
136,143.00152359439596
206,202.59951360141662
130,111.91847677480479
129,95.23369063722942
7,-17.965143387558616
95,129.16060007419304
288,288.5184683558521
891,609.8869101129584
6,-9.545505109319212
274,213.35405486073194
372,295.89590813353345
182,144.74125858103275
229,249.40682142550168
452,494.0946799931659
13,8.767547354137204
355,391.8467604600808
5,-27.70226714021641
614,490.7757780630976
250,222.12057070140622
254,339.0147789046515
594,522.2311335539246
89,137.22847841309596
123,78.31610482788153
68,53.42603150850488
16,-5.376537034004574
207,122.21887853165163
353,368.5428119356673
116,46.149821246353895
263,185.48548539816758
16,13.320529975796088
7,5.145572208751499
6,12.83106834535766
210,208.69362842182755
74,37.59656516882552
128,122.58311726810882
655,577.110516856699
208,143.40391795679326
391,310.1287493007048
16,11.330562903520384
141,261.73355199795986
35,33.82548419997505
236,210.3621345531031
213,290.66019725271116
17,16.798562210708777
334,258.2407332255037
29,0.5928282200830464
4,15.933612968632413
35,-7.338940842050253
199,230.1727153796861
578,565.9637196666597
452,379.037154290487
56,65.76853599616129
434,362.43575136895515
79,67.42268127433414
784,545.5489663166145
68,83.60681923882566
4,16.89555454025577
124,111.94135152911826
6,-7.633593932749424
20,24.076350750209027
432,396.32237771624176
148,91.27884707517507
1,8.80087055552104
160,184.9355357566308
531,475.64394429802803
72,-1.545966441937114
198,244.30377586113372
115,122.77354883824506
7,-10.163031223793073
214,250.50876482444852
19,46.482326983637506
18,-10.187964275472755
584,497.28254918070826
86,115.78120088215525
207,109.28341085921153
40,63.73510587272119
92,133.21150435295252
135,87.032482444496
10,14.203417713150937
13,16.890039578306467
101,106.9586695395488
5,-31.043664218019277
97,94.97339221194306
28,24.443667438010205
539,468.36322967390623
14,18.874691881644875
315,398.40076766284614
567,586.4685705990796
11,6.581768564985676
23,-46.203847304198604
1,-5.124675465583383
500,422.2812218032103
73,140.38350614259497
335,341.68753900679326
125,118.01311409639203
810,678.9653010231654
66,151.39045599844513
8,-11.685159157085028
299,311.6252193603451
64,10.852473538744842
53,65.88831859353974
141,55.166319368116206
102,110.64522310934132
356,398.86673336108066
82,93.93617366820001
307,265.4517796656063
26,20.289789416077664
380,350.85184449529294
165,195.6521857143129
72,75.79202467142812
112,142.07448277855954
108,118.97299441933853
190,265.40776983777124
801,548.3177437873497
57,62.43919843826362
103,86.46722774005406
332,240.68423706578633
289,335.7280879900328
152,248.9634277006166
172,142.51699225282385
9,0.12192263733691933
106,88.64247172617937
57,40.76877255845051
195,135.96404897280667
146,162.44775973886786
254,284.12608091394964
143,129.74286923244568
9,34.848074882220374
286,322.1790606722726
523,554.8625818899375
19,-3.6698309817997514
887,688.7441748894917
3,-38.72996492324768
436,434.00482707576947
35,11.07280216242253
138,195.42654306481143
72,87.82522729898443
44,35.83944819836364
25,19.422576848525676
94,112.19644690443658
88,135.03408148783424
118,136.17070583857873
104,79.8129156829012
162,200.3159260096072
52,47.29259277873567
497,430.15952452985806
171,147.610711878931
884,634.2776383150201
113,140.28099073686064
513,421.8985348816994
161,104.78472721072472
39,-47.118029799214185
471,427.5563508527297
72,98.12398359687262
182,217.388519267196
81,45.28728921002249
158,93.55050032332696
158,158.11153228293017
370,335.6106375397407
360,275.8473866458853
577,577.2388079166551
152,252.58697662167486
180,155.1439592593154
341,329.6295203173438
50,78.74839338882992
182,283.105252682404
9,-31.490111072639426
85,81.44456953560604
331,350.7528543444163
202,240.5251950385208
219,221.7752699186284
81,69.17811126278139
585,458.41651176074566
160,97.15299162494983
326,300.6660203527407
2,10.274309693192944
64,53.79859175711198
30,18.429098529775896
40,109.59687016649366
256,305.6436061100665
28,19.045835405929946
9,16.392167569936245
275,357.4104707312111
167,168.1820227606414
479,452.8707144380857
7,-2.9870205426054244
5,-14.08053934948072
34,32.91773762895406
20,-1.137799325094821
8,29.056789736288064
80,60.54535744842016
174,144.02145179259577
276,324.34275345305264
3,0.005086645013588242
26,39.63168981230848
582,601.9890416871962
314,306.6940799400555
268,257.7671912490595
64,23.372449166645364
53,76.89875405752048
237,217.8742087192411
4,7.021719891132133
80,61.93689342626482
128,146.6550657219022
594,501.8815011266887
692,520.8400682271424
194,174.20268555631299
165,162.5312326272528
766,647.5352123205932
2,-5.392615955575199
302,258.77809914208234
127,149.25542371013364
114,63.152606026107605
41,18.669839837467006
66,19.906159552886773
119,45.95706148946408
245,358.7417565370025
228,241.63057068561756
114,282.5271382167512
6,7.722973060293096
346,268.49464107930504
93,111.20246176332475
145,148.2257294621503
210,192.34944295284362
130,183.7879639769884
37,42.76030284970699
173,236.75026906596304
743,604.4909814706958
98,81.01047167252105
49,6.452132015480199
6,0.009586144195946833
241,244.2595058833498
169,161.7191525712488
272,244.00746027834177
33,3.3611824386671825
270,297.28386183193936
82,157.89809860889068
280,338.00088544382294
239,257.0375516061017
131,141.6924907003496
98,71.82645070409026
219,186.8105859029653
133,54.84933332115614
34,16.10660062682774
7,1.5153851760274475
121,145.6772716344688
111,143.11638310683514
8,-1.715525985544733
14,17.682846229911146
44,70.28105696892732
17,0.8556411745027188
85,158.55196354478574
362,382.85152193775326
27,16.794223526927336
11,25.407791509311604
320,357.0846439674116
380,343.7318697497077
4,-1.856224773251316
243,287.3746886995122
146,59.80800287414422
108,145.9646569901849
558,475.0037935741272
11,24.035463078228357
308,269.93140624805386
94,79.86383702815431
32,-17.694673797223064
93,85.81180360153283
282,317.66542928141564
53,25.729045497820547
258,252.45903615382053
43,144.76190150992664
50,21.545523745661026
53,65.74779951689598
59,25.501045543178886
794,645.1756803703324
14,-26.82749643073402
2,8.82334564669392
193,193.24103746492545
88,63.573491657338906
135,135.71206994072685
128,158.05855218602366
536,464.9667447423431
673,542.238336317389
464,407.200405938972
460,491.7591343765778
172,151.50375496905178
52,19.496346536697327
97,66.53818453132129
35,31.977937052674232
97,148.58411443590438
339,293.0933893350513
260,182.9626374673963
176,187.75194280501537
93,127.73383983417523
2,0.12290332643493374
231,159.59384649808118
92,114.2306858803114
501,474.6127077860793
26,28.39179012652499
11,23.758067554271573
174,201.30792760568545
2,-2.6329209003147898
110,90.28480031608245
236,322.7458665761295
63,66.78941048436963
196,209.6150693800459
274,368.6429529850144
56,16.3119679767679
178,210.98198331922026
416,478.2478298470393
219,148.8075254202833
65,110.81812686784986
19,11.58767820091617
184,133.24259446462378
186,191.70998978645028
148,123.36391165115197
246,204.43718426731664
44,83.72465126312113
178,114.10998677732613
250,274.6910694776611
114,90.64138439528159
11,-3.186687125112431
138,185.4529891327079
55,78.1059336455674
315,329.95200206851206
185,175.018400556659
2,-10.690537226423661
284,253.6729515043175
191,197.00135172017934
6,15.407916027351856
308,362.14240440900636
138,161.61714142735698
343,272.5861069202702
260,309.81688604061014
309,218.11271568397405
332,353.9546782669512
559,567.5762651247454
108,53.98473018615306
2,-58.181144679764714
45,81.49698328050437
133,130.68013031392178
14,13.183861186241355
43,6.451913544827956
8,-15.592280451972986
533,466.8223308688802
95,114.6181398246618
40,42.544116091109856
182,190.42796244250187
11,-2.8859501567889683
358,242.9481675381162
8,10.814983053715022
8,14.190987555830414
2,2.63102744863323
142,91.71853000570113
82,167.1732132149637
41,48.560885180918206
351,357.71349416636707
63,65.11560897703032
69,33.99148388109103
181,257.4453926552361
192,239.10881937030447
57,35.81554504108885
53,12.258442212841768
294,345.3855275374027
3,-3.282714746944467
13,-17.047873653714934
164,160.36461717284863
93,9.385603455878705
76,121.2247775187293
384,365.69692760375864
6,16.990170805045008
214,177.8872566635169
208,259.2322701709354
117,124.45084619564636
94,89.24126031974157
2,-6.462783310696697
77,72.87604820269866
174,151.64099074214545
363,414.1474157667808
105,118.62647114584706
312,338.50262334746793
483,533.7741142262099
87,115.77446458370665
479,489.22684906321655
171,171.51628104477174
51,78.45453310302213
86,112.64969290035253
118,123.21780392107468
29,-43.679168206285794
243,296.74309925917765
102,110.73012031924821
62,30.874944856122223
11,-37.19898957303411
5,9.96350176640436
1,-40.51377768780304
50,38.3817967674467
168,148.2868497372948
264,280.70977837629755
189,227.22961958463594
394,402.9048122338846
407,386.5947981051473
8,12.514204168727755
30,11.522107555337126
64,59.24949520275828
195,231.72318334061976
73,91.78899469554813
3,43.320570816179924
90,29.03747228582284
88,144.06749719195233
205,244.11895226183395
240,181.57517893863493
148,164.35346559392278
213,254.78435253257953
6,10.506936169063973
24,52.87540477730954
297,319.88941915359715
25,-48.176510629874144
162,157.92917350152908
155,248.7206174334756
557,605.0772768831232
4,4.806711794258316
551,476.18292016191924
124,176.7069046618201
94,116.39354165844918
258,304.52857650226576
129,156.5171640709878
21,18.98750446236755
751,572.9525921994577
573,470.1097735109814
29,15.007178087106066
264,263.62572592458974
175,174.90601170774323
111,57.38448362625752
104,131.16321660192432
59,68.6514532529483
116,411.35318489824675
208,231.68433993174477
176,236.295911479284
200,179.9540162506998
337,250.57500107236874
202,226.26104158909928
172,190.0728647039873
406,431.2253046512015
2,9.694968428903675
174,229.2513418595618
178,169.26043686769242
7,-43.36883675612425
13,59.25379715473974
53,164.80662249954656
130,88.32661207546562
40,-0.5155958320364706
17,-3.3650246376657296
85,71.95887397573466
98,46.558826753198844
266,350.5893678359267
267,258.3340563060677
